1, Physician Referral,Physician
2,Clinic Referral,Physician
3,HMO Referral,Physician
4,Transfer from a hospital,Other
5, Transfer from a Skilled Nursing Facility (SNF),Other
6, Transfer from another health care facility,Other
7, Emergency Room,Emergency Room
8, Court/Law Enforcement,Other
9, Not Available,None
10, Transfer from critial access hospital,Other
11,Normal Delivery,Other
12, Premature Delivery,Other
13, Sick Baby,Other
14, Extramural Birth,Other
15,Not Available,None
17,NULL,None
18, Transfer From Another Home Health Agency,Other
19,Readmission to Same Home Health Agency,Other
20, Not Mapped,None
21,Unknown/Invalid,None
22, Transfer from hospital inpt/same fac reslt in a sep claim,Other
23, Born inside this hospital,Other
24, Born outside this hospital,Other
25, Transfer from Ambulatory Surgery Center,Other
26,Transfer from Hospice,Other
