1,Discharged to home,Discharged to home
2,Discharged/transferred to another short term hospital,Transferred
3,Discharged/transferred to SNF,Transferred
4,Discharged/transferred to ICF,Transferred
5,Discharged/transferred to another type of inpatient care institution,Transferred
6,Discharged/transferred to home with home health service,Transferred
7,Left AMA,DROP
8,Discharged/transferred to home under care of Home IV provider,Transferred
9,Admitted as an inpatient to this hospital,DROP
10,Neonate discharged to another hospital for neonatal aftercare,DROP
11,Expired,DROP
12,Still patient or expected to return for outpatient services,DROP
13,Hospice / home,DROP
14,Hospice / medical facility,DROP
15,Discharged/transferred within this institution to Medicare approved swing bed,Transferred
16,Discharged/transferred/referred another institution for outpatient services,Transferred
17,Discharged/transferred/referred to this institution for outpatient services,Transferred
18,NULL,None
19,"Expired at home. Medicaid only, hospice.",DROP
20,"Expired in a medical facility. Medicaid only, hospice.",DROP
21,"Expired, place unknown. Medicaid only, hospice.",DROP
22,Discharged/transferred to another rehab fac including rehab units of a hospital .,Transferred
23,Discharged/transferred to a long term care hospital.,Transferred
24,Discharged/transferred to a nursing facility certified under Medicaid but not certified under Medicare.,Transferred
25,Not Mapped,None
26,Unknown/Invalid,None
30,Discharged/transferred to another Type of Health Care Institution not Defined Elsewhere,Transferred
27,Discharged/transferred to a federal health care facility.,Transferred
28,Discharged/transferred/referred to a psychiatric hospital of psychiatric distinct part unit of a hospital,Transferred
29,Discharged/transferred to a Critical Access Hospital (CAH).,Transferred
